K,train,test
2,18.80591749134916,18.60526596275548
3,16.685050944834597,16.3476812162095
4,16.547144447744337,16.225063885907876
5,16.54823398443224,16.243381175004956
